m,n,V,sx,sy,tx,ty,time
6383,4886,31187338,3540,4866,5006,883,8029838
3386,7492,25367912,795,3609,857,4574,4396942
9690,3059,29641710,7876,2148,2886,843,6205790
7172,4736,33966592,4496,1435,3377,231,8505998
1782,1530,2726460,373,1232,1495,847,687305
4929,9802,48314058,354,9582,1200,9313,12284379
5393,2456,13245208,1913,1435,2219,1573,409229
3421,2919,9985899,2287,775,2319,313,2101176
3315,3370,11171550,2221,3073,2435,1641,346596
7956,1873,14901588,4946,886,6601,1548,2844942
8305,3925,32597125,3787,2883,5960,2836,8280287
8846,4729,41832734,6949,750,7285,2421,6749544
4582,5545,25407190,3059,3943,4376,5389,4371394
9043,3750,33911250,6006,1086,5393,1026,10588458
1788,5584,9984192,107,699,523,4594,1749323
2932,1060,3107920,2860,676,2468,779,540756
7226,9586,69268436,2559,6013,4930,9227,11959953
1434,2378,3410052,1113,679,1322,289,726176
5317,4492,23883964,1013,3747,1206,2997,6040882
2286,2441,5580126,185,1371,1517,1952,964483
6440,7729,49774760,1397,7078,3931,6407,12476797
9481,3675,34842675,6984,308,1408,1466,6138030
4497,2353,10581441,4346,1698,1916,1510,3079841
3219,9624,30979656,1911,4408,998,2828,9812573
5503,2019,11110557,638,1496,5161,1153,2371534
7340,8149,59813660,5603,5330,4325,4357,15013290
3846,6451,24810546,2429,6419,856,6127,5088472
1764,3228,5694192,878,876,1084,1969,1093518
2034,6764,13757976,538,1984,476,1743,2850858
2743,5491,15061813,1929,1917,88,52,4500844
5432,1551,8425032,356,320,3495,1433,258939
7474,4121,30800354,1839,1887,2449,3806,5317347
3235,7793,25210355,1608,6138,2861,7619,4779698
6928,3529,24448912,2724,3015,5555,2563,6074194
8613,5538,47698794,2329,1489,1057,4462,8453554
2128,6688,14232064,1965,5433,692,3997,2941214
3324,8743,29061732,2831,5725,1715,1785,889516
4772,7725,36863700,3186,2119,1123,3755,7165245
3954,5786,22877844,3482,1459,2450,1660,4467510
9197,1507,13859879,3236,1040,2850,716,4077546
8622,4828,41627016,3333,4735,1850,3994,1287124
7340,6422,47137480,6310,163,761,5685,9275445
1661,6730,11178530,1082,2078,1186,1950,342925
5444,8626,46959944,2849,6,5408,7734,7776017
4282,6258,26796756,1997,4046,240,2220,8189964
4600,4036,18565600,1699,2995,1150,3547,3205491
3468,1071,3714228,599,1031,3310,495,807737
2933,9894,29019102,961,8548,1055,2725,7429260
4899,8996,44071404,888,6631,4371,5317,11243428
8190,3095,25348050,7976,556,150,1199,4478625
8090,3684,29803560,7902,2376,5517,3384,5160088
3445,7756,26719420,3228,6874,2302,7119,4682351
8348,1172,9783856,5661,179,554,932,301035
4342,4587,19916754,1875,3623,2612,4303,3421457
8321,5255,43726855,216,4614,4441,551,9652732
8939,7811,69822529,8851,4981,7020,658,20377049
2127,3150,6700050,985,983,1363,2070,1182110
6422,7269,46681518,5391,7223,3946,3261,9633033
4292,1972,8463824,1826,1672,1001,1873,259664
6222,6299,39192378,2474,5288,5543,4099,1199422
2298,2190,5032620,902,1584,2199,1439,154976
1819,8336,15163184,799,2835,1111,4394,2659485
8379,5769,48338451,1646,636,5203,1769,9308893
6860,7142,48994120,5344,2535,6045,4805,9388214
6621,5567,36859107,1711,4089,764,1326,10879579
5326,9259,49313434,1624,2781,1466,5188,9526951
2784,5021,13978464,84,1821,2389,4725,2680547
6872,8908,61215776,1042,6266,6352,1696,1880987
5753,7248,41697744,1330,3110,3004,1141,10641413
5890,9754,57451060,5596,3592,5359,9634,9971834
1500,3046,4569000,797,3031,490,1207,947330
5303,8033,42598999,64,2400,1412,6896,8180677
8686,2125,18457750,2270,27,1126,1600,3587834
3157,1729,5458453,2974,764,1778,408,1599556
9460,5304,50175840,4207,3428,3168,3698,8421581
1556,7902,12295512,1057,6938,279,601,3143922
6039,7002,42285078,5091,642,4202,722,9016293
1647,3538,5827086,788,2177,743,763,1495547
2339,4692,10974588,366,1466,1595,2736,2177925
1049,3964,4158236,965,3769,625,2931,128156
1177,2900,3413300,661,338,657,1249,718961
8367,1988,16633596,728,1608,3540,1071,4225060
6829,8390,57295310,5669,2661,5552,401,13226807
8826,5232,46177632,5772,5188,117,984,13599026
5023,1761,8845503,3665,455,1130,932,1533542
3996,6367,25442532,2742,3612,3442,1605,5362756
9524,9057,86258868,16,4448,4754,3066,2621533
9312,6386,59466432,1530,4468,1362,3692,1821943
7916,9552,75613632,2001,2970,818,3762,12628916
4647,4970,23095590,4200,741,523,1501,5048964
6857,5627,38584339,6237,1493,3544,1634,6653895
7512,6090,45748080,111,2591,6193,2630,7864268
1189,5274,6270786,592,695,1112,4712,1462920
4987,2888,14402456,1646,1618,4388,1530,440560
2856,7417,21182952,1876,786,1133,28,6068790
9205,3059,28158095,5408,2188,4408,1956,8189617
8873,7458,66174834,5304,5201,6957,591,16982269
1607,9478,15231146,26,9376,874,6187,3952453
9100,2459,22376900,7538,330,8988,1833,4368923
2074,4233,8779242,1059,3631,1744,1464,274880
8270,2699,22320730,2619,253,3383,662,3918730
7622,9794,74649868,6971,1973,3646,1269,15576817
9682,6390,61867980,8455,4742,1317,4457,15387565
7521,8157,61348797,737,4519,4885,1075,13299695
4231,8021,33936851,3851,213,2762,2044,5901797
1098,8325,9140850,430,6556,538,541,1949078
7231,6139,44391109,6914,4986,507,1355,9914036
2218,7021,15572578,638,1764,235,4640,2698063
2977,1685,5016245,1462,1366,735,661,1074689
9207,5759,53023113,2743,3351,6969,5215,9147692
5127,9950,51013650,5071,3835,2339,3318,16167931
2563,9049,23192587,2396,5590,500,5270,6743212
5291,1375,7275125,1651,79,1812,88,1263916
1993,9918,19766574,101,9117,1435,5600,5090313
3717,9030,33564510,848,633,2794,4486,7825328
7486,3253,24351958,354,1231,3687,771,6184764
1179,1377,1623483,1097,549,561,109,346576
4710,6732,31707720,4307,2141,1085,962,9161809
9137,3691,33724667,3395,2293,1100,2794,5811576
6925,5291,36640175,718,5242,4361,3091,7825351
3963,2055,8143965,2594,1974,2244,270,2383455
2571,3661,9412431,2313,3461,1308,3550,1602104
6604,9851,65056004,4794,6788,6515,9624,12334179
8485,3006,25505910,809,1863,2925,2629,794827
7967,2226,17734542,4863,481,4396,1014,547615
1865,2560,4774400,1150,796,473,2330,853634
6211,7342,45601162,284,5604,971,6739,1395837
6270,3984,24979680,5807,28,5320,2682,4216619
9283,6072,56366376,3670,3166,9153,1823,1725418
2950,1030,3038500,414,12,1922,679,588515
5047,9924,50086428,1627,870,2462,9372,9316948
8954,8443,75598622,868,5124,1688,3677,16031826
5159,5262,27146658,2788,4566,1967,2885,833945
2723,3324,9051252,489,903,199,1002,1602999
8821,2457,21673197,2449,2013,128,636,6460089
2269,3218,7301642,1396,2419,857,3167,1555445
5907,2959,17478813,5738,1560,4539,2775,3014965
1084,5308,5753872,138,4218,32,19,1199650
9898,2715,26873070,1569,551,5753,1314,4663815
1506,6010,9051060,190,76,1401,4389,281512
7000,5378,37646000,53,743,6114,3951,6741805
8338,1989,16584282,6179,495,4095,959,510341
7787,3231,25159797,7711,2921,7218,744,7270569
9850,6179,60863150,3954,3564,8131,1916,15658446
4813,5857,28189741,656,1604,3853,2873,5449432
6720,8433,56669760,5861,6776,4535,5103,14150262
6296,7825,49266200,170,6579,4951,667,12780675
1297,6032,7823504,179,1037,89,2922,1385188
5057,3708,18751356,3923,3363,3172,546,575763
1483,3776,5599808,237,3546,999,2701,1423237
2932,5382,15780024,1970,2930,2180,5011,3021515
9682,6211,60134902,3714,1872,4942,466,1833921
4990,6583,32849170,4306,2850,4550,5869,6249351
6892,7525,51862300,3855,6927,2266,2675,10733526
8136,1360,11064960,6419,1057,1168,817,2284518
1582,1621,2564422,653,364,1245,989,412191
1815,8570,15554550,1718,946,887,2318,2771516
1783,9350,16671050,1106,4807,735,6677,3549404
1269,9071,11511099,450,7490,273,1095,2495732
1639,4398,7208322,170,4146,295,1973,222095
8890,9976,88686640,712,1143,1657,8803,17029739
1777,9099,16168923,1497,6059,1174,2944,4706671
7641,5735,43821135,5279,3963,5688,4088,7463913
2776,8805,24442680,452,6526,888,2399,5184835
4308,4593,19786644,3753,2119,3820,3376,609163
7774,4445,34555430,2025,670,845,2747,5796741
7412,1127,8353324,5001,1103,1326,165,1784471
7439,4334,32240626,6005,4333,4916,897,7420340
6354,7761,49313394,6322,1600,1768,4501,8819990
1852,7850,14538200,146,7762,145,4699,447901
6154,4173,25680642,3552,110,4770,2751,4923357
2790,9263,25843770,2102,7496,527,3546,7454777
8859,8828,78207252,7355,4987,3749,8199,2400024
3590,7341,26354190,1072,3573,3091,3001,6610402
9069,1517,13757673,8705,69,3989,1323,2429304
3300,1506,4969800,3267,833,489,318,1443744
3032,8154,24722928,355,5582,1821,6339,3984589
5412,8538,46207656,4696,2825,692,1106,13996715
1844,6760,12465440,210,4928,582,2945,2654857
2326,8886,20668836,661,263,1247,5299,634341
2152,5621,12096392,766,4542,1277,4825,371679
7631,1673,12766663,6297,1167,3925,1471,2186975
5877,8313,48855501,5060,5636,2498,6618,8373577
4155,4793,19914915,2471,2029,1398,632,5890880
7823,7286,56998378,4815,2953,5909,4793,1755653
2245,6181,13876345,250,5710,165,4401,2954677
2100,9954,20903400,1264,4641,1424,3076,5184227
9659,6919,66830621,1119,3075,2645,5239,11467360
6551,6976,45699776,4696,5831,2041,4445,11687699
6304,9956,62762624,763,5713,2859,6306,10779403
5967,5912,35276904,4706,4872,731,3878,11172713
3131,1002,3137262,2216,110,1901,574,550630
3183,4377,13931991,2662,742,497,807,2426483
3062,5125,15692750,307,3308,1546,496,4013240
4141,6153,25479573,2570,3644,1357,3921,4367269
3485,7948,27698780,2015,4729,3299,941,849713
7898,7160,56549680,438,5962,982,5559,11964182
7641,2902,22174182,4435,766,3686,914,4686638
8789,6140,53964460,2657,3427,3813,2298,13612973
2493,5431,13539483,5,4669,1905,4771,2287917
5613,7391,41485683,3484,3922,2295,3805,8809872
6829,1671,11411259,4972,194,2688,236,1975012
8024,6088,48850112,450,178,2704,4049,9468498
3969,6710,26631990,3750,1813,677,2513,5748095
6587,7279,47946773,3309,5773,348,1022,14333152
3339,1464,4888296,1471,462,1336,766,1033266
8349,5915,49384335,2841,2251,3971,3051,8453768
6133,6387,39171471,5039,5999,3596,1276,11481479
1519,4742,7203098,781,4175,357,4184,1259132
6259,8063,50466317,1210,2260,658,7176,8682980
9705,9404,91265820,7659,1669,559,6562,16651756
9315,3435,31997025,4848,1432,7910,1054,8215314
2487,7802,19403574,1377,609,1545,817,600587
2205,6960,15346800,2116,2624,569,6397,476955
4403,2816,12398848,943,356,2174,2370,2352608
4443,3579,15901497,1017,2169,1101,1429,3381456
6700,6045,40501500,4887,2297,4951,2634,7035460
4589,7386,33894354,3916,4903,1772,764,10932661
6036,2506,15126216,4148,1984,452,943,3202111
2921,5820,17000220,435,780,1558,2874,3211783
6123,4437,27167751,3425,1351,2999,4079,4717494
2931,8017,23497827,752,6856,2210,204,6234857
5069,6745,34190405,2792,4410,1723,2421,7314666
3569,8559,30547071,445,2755,3559,29,6695386
4340,7925,34394500,3492,418,549,4866,6158917
5527,9566,52871282,3881,4706,1252,314,16992703
5124,1333,6830292,1866,394,298,37,1427079
4794,7568,36280992,2483,5579,2657,3214,9302264
4437,2263,10040931,2987,1283,1945,785,2137824
3513,7631,26807703,3266,6584,500,296,8184167
8346,1683,14046318,4911,1243,3146,269,2922540
4421,1972,8718212,2939,677,1441,98,2797442
6356,5952,37830912,4656,5900,943,1062,11105734
9111,8883,80933013,1570,7362,7682,248,21654654
2216,3339,7399224,344,52,2146,1909,1471481
2267,5294,12001498,983,1867,2222,347,3196823
9650,6292,60717800,8476,68,6490,5027,10933369
6953,4635,32227155,4197,2475,134,1096,9581449
6937,6570,45576090,6317,5,2177,1934,8273643
5083,2800,14232400,1993,1492,3120,2496,2628517
6939,6763,46928457,2378,6628,6290,5598,11915476
3164,9523,30130772,2929,5908,602,9314,5029572
8339,6704,55904656,4494,5996,7489,5118,14013514
3079,7591,23372689,2830,4286,472,4928,4041775
3561,3919,13955559,727,2655,180,2740,2404926
5494,3819,20981586,1229,3103,414,1333,4357226
3187,7639,24345493,1952,1624,2552,4752,4658568
6320,1680,10617600,566,178,5312,458,327809
3463,8098,28043374,1315,4909,3198,3283,7402387
7142,4066,29039372,6541,2516,84,2968,5008018
7853,1966,15438998,2903,945,4840,411,4074737
7516,7086,53258376,6719,1739,3516,4403,9694088
9553,2197,20987941,6117,1419,4934,168,6404344
9107,8498,77391286,6237,5205,570,2295,19315306
3334,7003,23348002,88,1196,3133,6624,4719400
1763,9633,16982979,42,5238,1430,2894,4586452
7185,4897,35184945,6587,3355,179,2467,7840137
8349,2313,19311237,5892,180,3626,234,3471445
6585,6775,44613375,2426,4864,3826,6080,8778263
3892,9616,37425472,3365,2085,2437,5880,6768380
5366,9515,51057490,2633,249,4694,7233,9102964
3847,6613,25440211,805,1533,889,2041,4387918
2629,9763,25666927,2463,8427,1964,5256,7520766
5775,8982,51871050,1540,2710,4501,5450,10261232
5518,1565,8635670,3973,444,2002,1014,1460088
9908,2853,28267524,3779,177,1030,1205,4960120
7432,1534,11400688,5554,188,3157,188,3414546
6596,4815,31759740,2308,2008,546,1369,6573208
1465,4451,6520715,586,1286,427,4179,1132788
9187,7861,72219007,6642,4664,7087,5025,13848079
6879,9620,66175980,3313,561,5418,5624,2061633
8135,5708,46434580,2592,3174,5941,2622,11830451
7163,3466,24826958,3971,1563,5835,1143,773667
4234,7332,31043688,2430,130,2133,1561,967033
8339,1880,15677320,4495,1814,4109,973,4043287
2382,2444,5821608,761,331,231,22,1690989
6951,2873,19970223,2892,168,6937,2169,3889690
9813,9683,95019279,8374,7626,5856,8984,16455330
8464,4769,40364816,235,4097,5151,4013,1261476
9740,2411,23483140,9627,1896,8036,1384,7324414
8793,5439,47825127,164,5430,6355,1657,10606720
1371,6418,8799078,458,4060,398,5989,1562657
8567,6697,57373199,3791,461,5589,2227,10000588
5433,5490,29827170,4398,4436,3318,1779,7102696
4523,3690,16689870,4141,3662,3925,2449,4308112
6335,2422,15343370,4888,420,2415,783,478073
1339,3766,5042674,1210,221,195,3463,1215479
1052,5220,5491440,552,2437,619,1707,1369187
9540,3721,35498340,3077,2384,8267,953,9062957
5878,7728,45425184,4508,4864,4514,7403,8727633
8520,3563,30356760,4300,1452,1016,963,6301021
8267,2223,18377541,5652,628,1015,1479,3221276
3553,7563,26871339,1914,718,105,1813,4749614
5198,2660,13826680,5190,2268,719,1949,428960
1503,6887,10351161,1415,3527,117,5847,1848653
9823,2929,28771567,5034,2324,7238,2404,5597398
8012,6209,49746508,4339,515,1990,5875,9318400
8134,6759,54977706,4610,584,7391,233,1751450
2638,4171,11003098,1434,1064,764,4149,2002548
2484,4755,11811420,1978,2571,851,2225,3335147
1923,6603,12697569,878,2866,464,3940,2454165
1952,1012,1975424,1087,211,1054,955,381023
6525,7894,51508350,3308,3754,2215,4554,10180409
9560,7626,72904560,3373,5112,2905,2053,18788373
4748,6421,30486908,1737,6309,2524,3411,8029620
1832,2786,5103952,1097,110,524,1946,1080992
4127,7410,30581070,3102,2538,1690,5729,7006139
6341,4446,28192086,5203,3069,1168,887,7120955
6901,4165,28742665,438,528,3524,2510,5695659
1732,3238,5608216,477,1957,1310,2218,174319
1457,7832,11411224,578,3028,722,9,3055126
2169,5497,11922993,180,2182,1453,4855,2392895
2018,4470,9020460,946,945,1676,1170,1824939
8754,3533,30927882,617,3103,5674,2333,6875192
8021,6485,52016185,865,4107,2783,4145,9313415
8634,4647,40122198,6773,887,1398,2231,7382307
1142,5630,6429460,597,1221,432,110,207458
4554,6538,29774052,2008,5632,4498,110,966769
1034,2685,2776290,180,1918,168,1520,85480
9644,4802,46310488,8984,1128,4083,1546,8445964
3925,7157,28091225,2077,2421,123,3381,5096792
2296,8986,20631856,696,7272,1467,261,661667
6512,6956,45297472,2358,5553,2056,6880,9100121
3428,2482,8508296,1464,450,2205,40,2280543
6797,7220,49074340,2996,1259,2101,965,13100124
5782,1282,7412524,4401,363,889,1074,1378695
4417,1884,8321628,940,648,2537,1348,1719794
3350,7236,24240600,492,4902,158,4958,779879
9164,1023,9374772,6461,459,4649,785,305973
6410,3260,20896600,3312,370,2077,2415,675483
3916,9089,35592524,1307,2993,409,504,10722680
5806,1375,7983250,4295,901,1482,924,258175
4265,9377,39992905,2216,6062,3766,7784,7889168
3134,7833,24548622,229,6233,1499,4375,788692
7697,2316,17826252,5179,1395,7303,1866,3247140
7986,7486,59783196,1317,2467,5704,7117,10962378
3136,2435,7636160,853,327,1975,126,2054387
9367,7212,67554804,4770,5276,3875,4208,21807248
3095,8674,26846030,1701,1511,753,8538,4864958
3630,4851,17609130,2782,2650,2877,286,4539305
3161,9676,30585836,2531,4333,2458,5151,5602078
1135,4931,5596685,170,3754,1127,619,1299771
3900,4688,18283200,3196,3404,1,1006,4927647
1114,6069,6760866,270,396,412,5304,218147
7625,5682,43325250,3752,1521,3373,4007,9585659
1949,7790,15182710,429,801,244,510,493863
6799,3447,23436153,1559,2161,1731,1607,5192781
8799,3528,31042872,5994,1069,7562,892,8246961
5766,8990,51836340,1694,8484,770,4589,11244563
2776,9384,26049984,1209,1239,2228,2374,823061
3684,2539,9353676,2023,429,2582,37,2062165
4781,4926,23551206,196,2106,143,2462,4329222
9264,9579,88739856,6549,7455,9034,3729,19389565
7769,1711,13292759,7692,76,5824,1542,2419047
7142,1034,7384828,2953,231,5436,281,1327324
8265,5632,46548480,3262,4793,8261,603,12574984
5558,4601,25572358,3854,4118,2352,89,5520523
7038,3227,22711626,1406,1536,3068,1273,4945272
9430,7554,71234220,7537,1739,7387,4209,2293145
2495,8801,21958495,297,1669,800,7864,3903435
3029,9335,28275715,755,5777,2386,4008,7382037
8007,4353,34854471,4280,2840,1272,1486,10370052
8096,5551,44940896,2158,4142,1585,750,13056862
4069,7481,30440189,3703,6621,3423,1369,6435243
8369,2736,22897584,8132,1592,166,1512,703651
1295,1733,2244235,1272,210,1107,459,386337
5251,5724,30056724,4871,3121,3705,2798,9408373
1193,7834,9345962,472,7004,321,4027,289529
5394,6366,34338204,4849,2779,4137,5234,5988847
8795,1826,16059670,7738,278,5845,1394,2877918
9882,8155,80587710,186,2902,5528,7835,15561784
9505,8946,85031730,7742,8864,4789,6085,2606180
6790,1408,9560320,6448,842,3725,761,296374
7093,5555,39401615,3735,3001,976,888,11694774
9651,8291,80016441,8483,6907,1636,6556,23074512
8275,1681,13910275,7550,1504,501,1055,2999843
5842,7834,45766228,236,6336,4498,5985,9679695
7664,4043,30985552,2691,1263,2621,2064,5355643
4542,7256,32956752,1422,3736,4454,1707,7166225
5258,2510,13197580,364,1598,2245,687,410086
5294,9924,52537656,2956,2836,2745,2073,1622037
4253,1319,5609707,961,265,621,1203,971096
8719,9896,86283224,2756,7079,1803,9771,18447338
2729,5746,15680834,276,3140,84,1202,485686
2858,6852,19583016,2776,5564,477,434,5808703
2513,9344,23481472,1215,3553,1492,915,5953297
2658,4200,11163600,949,1877,2468,707,2442991
3053,6179,18864487,1075,3631,2884,3108,4823664
4302,9904,42607008,66,5620,1180,2826,1316060
2086,3485,7269710,194,3296,1788,313,1654084
3751,3637,13642387,60,1424,2640,2594,2628496
2392,5069,12125048,887,4201,2220,373,2672342
8381,9556,80088836,1148,142,5509,9128,16124650
5951,6983,41555833,2006,42,2969,767,8016910
1514,9861,14929554,1204,3304,341,5516,2612765
9129,3911,35703519,431,1033,2550,912,9288452
4078,5137,20948686,3798,2096,3912,2028,643160
9186,4141,38039226,3545,1791,8347,1861,1174479
8639,8833,76308287,6526,2462,2683,6405,13341203
4055,7310,29642050,404,3734,1514,5023,5843003
7246,7412,53707352,5981,1263,560,4622,1652593
4950,7120,35244000,4078,1228,4349,5750,6723257
8056,4737,38161272,2321,2225,4828,3659,6605412
1458,9554,13929732,1160,1769,780,4326,2843659
8281,7319,60608639,4541,2001,5612,902,15592324
4763,1506,7173078,2234,248,3620,229,1825805
9970,6701,66808970,2631,169,2328,375,11613961
5012,1186,5944232,2947,221,2715,1179,184207
4979,4589,22848631,3793,575,3644,3218,3969131
5995,7880,47240600,5561,5803,344,4119,11354003
5711,4114,23495054,3677,1279,3805,1070,5917450
2632,5107,13441624,953,987,2505,3201,416226
2441,4231,10327871,1532,1750,374,1254,3056967
9894,3617,35786598,7451,1742,3292,734,11216294
6337,3053,19346861,2637,2261,5990,1774,4954405
4998,3680,18392640,3559,3100,2908,3326,3098426
7035,5638,39663330,5441,3637,5317,1390,12410653
3709,5545,20566405,2400,2634,2486,3306,3944930
7071,3002,21227142,1974,1638,4020,1633,5393167
4989,2174,10846086,661,1450,4746,1324,2801281
3970,9738,38659860,3142,432,1728,9099,6944844
1018,3766,3833788,898,2014,194,3364,115485
3284,3959,13001356,2381,33,1692,877,2316881
1924,1206,2320344,1124,54,303,765,68933
7847,6454,50644538,1748,5246,3858,3962,1605200
1257,3432,4314024,356,120,334,2374,135312
6299,7904,49787296,1368,4457,378,7714,10919324
9784,4582,44830288,9432,762,3458,1093,8113812
5868,8319,48815892,5442,1858,4173,3022,8791996
1253,8875,11120375,332,5962,1009,1993,2480844
3269,7877,25749913,3147,1493,980,7842,4765999
6232,3331,20758792,5802,1982,3446,2253,3737852
6413,5956,38195828,2327,2165,3271,28,10016262
4250,9448,40154000,2044,2448,22,3754,1280426
1804,5872,10593088,1347,3831,1019,2415,341227
2193,5709,12519837,1248,772,1584,468,3313784
5850,3355,19626750,3050,434,1431,1049,630443
7148,3642,26033016,1045,2488,2632,3504,4367106
7954,2508,19948632,1112,2245,6117,523,5255674
6470,9107,58922290,2769,6979,4053,758,15835799
2440,6271,15301240,2088,3124,346,3581,2739968
6816,9376,63906816,4227,7397,3978,182,2003755
9059,4226,38283334,8002,1582,755,538,12623950
2967,2358,6996186,133,160,2058,2284,1421142
7676,8230,63173480,979,7233,2148,971,13798312
3242,8492,27531064,1552,8080,1498,1208,855391
2493,1949,4858857,1393,1079,605,159,1063778
4509,1387,6253983,2829,1337,726,32,1897627
4649,4458,20725242,373,719,4417,2100,3845745
1720,9174,15779280,814,1310,1502,9020,491413
5739,5656,32459784,537,4810,4949,323,8697391
7257,5160,37446120,4370,4794,2071,4146,12251801
5483,8055,44165565,4738,5002,2413,917,11155919
5348,7683,41088684,4164,6600,4878,5645,11047541
5149,6937,35718613,3135,5099,1016,2560,12606838
9221,2042,18829282,5601,1055,7563,1665,697903
2462,9386,23108332,1413,5350,1199,4599,7312292
3061,7728,23655408,984,1080,1724,4430,951516
1959,4466,8748894,689,4201,957,3934,2582620
7057,9335,65877095,6504,2160,6098,5080,14271137
5417,2716,14712572,3255,1991,1805,2004,3417576
6523,4306,28088038,2371,3715,3322,3631,7811139
4163,4817,20053171,777,1601,1682,1694,3714816
5549,3893,21602257,3368,1248,1487,1885,3841357
7904,2913,23024352,310,2376,3035,7,715189
3004,2361,7092444,969,61,1124,633,1228196
2327,3050,7097350,1055,704,538,1696,1558875
7445,9311,69320395,1230,4880,772,7614,12493485
3032,4552,13801664,363,3837,1797,3474,3617300
3560,4250,15130000,3052,3427,2271,3553,2953922
9440,3557,33578080,4248,408,4791,372,8815493
6148,7337,45107876,6050,2208,3305,6100,8029029
9363,8074,75596862,4072,5470,2144,4310,2332339
3254,3139,10214306,1260,2592,799,145,314467
1777,5902,10487854,1731,2811,1381,880,3324560
8575,6946,59561950,8210,2550,4775,3796,11199508
3623,3142,11383466,2112,2900,596,2080,353682
8149,4412,35953388,2891,2117,2326,1038,1139180
1151,8360,9622360,1101,347,639,5804,1813919
2959,6902,20423018,2161,5743,374,1854,639839
8167,8534,69697178,4672,1384,3972,8270,2162326
7109,7669,54518921,3398,5690,4747,1169,12281016
1070,8658,9264060,1014,1831,619,4345,1853623
3564,8986,32026104,3519,8674,3492,8872,5867292
6432,9327,59991264,1431,2057,1061,1581,1932014
7304,4633,33839432,6764,3728,5017,4046,5972358
9275,8255,76565125,3625,357,1072,2316,13576780
7573,9777,74041221,2899,8351,5559,6757,15773740
3850,6457,24859450,2452,2276,3447,3156,4964036
4431,1744,7727664,3982,1202,1144,199,2015028
3898,5368,20924464,2795,2677,495,68,6363003
1790,6287,11253730,440,1190,1786,6179,2331131
3279,6613,21684027,2875,2607,2551,2499,4619124
1428,8974,12814872,1007,5710,1091,7171,2330567
6458,2660,17178280,4556,871,6203,1253,3493334
1329,2124,2822796,944,1543,13,801,802973
4782,9088,43458816,3897,7975,3434,3828,1394537
8247,5500,45358500,2992,5155,4482,1936,11720908
8571,9717,83284407,4960,6026,6730,5034,21129612
9017,5934,53506878,8600,5420,8173,2666,16554910
4327,2451,10605477,2888,2036,4227,1745,2229945
6098,6392,38978416,4771,277,3136,1797,6857380
2847,7652,21785244,645,761,1633,2474,3866265
5986,9538,57094468,944,8082,4880,5488,1749633
2483,2545,6319235,1441,897,1205,1877,1091371
5107,5365,27399055,1061,4015,4398,1552,7134124
9149,7697,70419853,5764,2322,1329,2963,12234609
9238,1850,17090300,2560,1805,7887,855,4283302
1835,3191,5855485,1210,2762,1374,2768,1114885
7983,9323,74425509,6086,6752,5722,5946,21614400
1302,5465,7115430,1034,3356,994,5330,219845
6608,7622,50366176,1294,1964,2318,5795,9743629
8361,2295,19188495,3152,2044,2578,1290,5662738
3141,5375,16882875,1299,4215,333,1347,3654745
6844,3558,24350952,2313,172,3218,1034,3961264
9259,2970,27499230,1992,426,8393,2822,5529314
5040,3580,18043200,1020,494,431,378,5175347
3171,2899,9192729,521,2605,1833,439,2020747
5561,8512,47335232,4213,7010,433,5925,12112164
2083,6762,14085246,1447,6394,449,5305,3594026
4450,3554,15815300,3829,2012,788,1190,4801386
2929,1296,3795984,1431,397,2396,1189,670805
9887,7600,75141200,8806,4307,6647,1515,19314532
1737,2628,4564836,1094,2282,1255,1154,1152820
7805,2317,18084185,4550,1718,6084,602,4661904
9881,9707,95914867,9836,4668,5362,7974,16643892
2889,2118,6118902,235,583,2861,1071,189806
4215,2412,10166580,4144,1440,791,1006,3258862
1304,2219,2893576,374,1710,815,1147,84201
9706,5212,50587672,6604,4640,5569,481,1554076
3197,8130,25991610,2924,1352,2000,7009,4678656
2403,3418,8213454,1445,2117,2288,2773,1451026
6591,7944,52358904,5407,2885,2077,4018,9341278
4828,2026,9781528,3624,1919,3898,1120,2421397
9975,1779,17745525,7359,1299,5566,1042,5180104
5249,3809,19993441,2325,239,48,2110,3534517
1735,1737,3013695,221,923,1361,1471,516655
4874,8611,41970014,3783,995,4695,7334,7302086
3847,5643,21708621,3648,1438,1437,4977,3846181
4204,2107,8857828,2766,1798,412,1471,1825724
2289,3193,7308777,1728,236,95,2527,1309557
8116,7354,59685064,3480,5632,4047,2870,15333685
8741,2446,21380486,4246,2083,1410,1754,6745288
9705,2589,25126245,5290,972,9479,1381,4919535
2867,7467,21407889,1844,4106,2612,3336,5488017
5624,3406,19155344,3185,2505,3861,1762,4903184
7591,5988,45454908,3437,5235,846,912,1410231
7090,8969,63590210,1303,6506,3491,4181,16126329
1352,9916,13406432,890,5932,411,8770,2333714
4200,9385,39417000,3473,1599,2179,3331,1222768
8338,3977,33160226,798,2310,7373,2465,1027686
5073,9362,47493426,4008,5171,1971,3959,12229059
8707,4635,40356945,3260,4436,7969,553,8941928
2548,9653,24595844,733,3493,883,1934,6381902
5276,5591,29498116,4003,3611,3386,2211,6046484
2022,1755,3548610,752,772,88,681,727991
2569,1577,4051313,1972,508,62,666,706671
2192,7389,16196688,1995,5473,714,1620,501384
3896,9694,37767824,1866,3320,3726,9565,7328215
3161,3604,11392244,729,245,488,2195,2029854
6069,4069,24694761,91,3885,4636,1302,6543325
6055,7999,48433945,5466,1244,3548,6908,8507999
4081,5958,24314598,261,2445,2222,4789,4355263
6224,8146,50700704,5719,3101,2567,286,14708660
4661,5077,23663897,3427,3505,1270,1960,6981646
4440,7437,33020280,2296,6718,2269,6055,1024444
7296,5021,36633216,6929,4409,4962,1181,7631046
1196,1751,2094196,55,757,118,107,442505
2053,8830,18127990,1236,282,127,2149,566378
7772,6443,50074996,6864,2796,6354,1397,10243564
7426,1901,14116826,2688,466,4847,1471,434890
2696,9518,25660528,2196,908,28,9350,805625
6863,4620,31707060,3864,274,3366,1267,5647604
3018,5900,17806200,591,5021,346,925,3711767
7983,8950,71447850,4799,8047,4306,528,2201430
6387,9304,59424648,5354,1786,3170,8907,10778325
6351,3347,21256797,3612,688,266,888,3725264
3050,3958,12071900,387,2854,998,2630,3020376
5229,1969,10295901,3470,668,4454,416,2635913
6808,9847,67038376,15,8575,820,7864,2079100
3163,2736,8653968,3070,1484,619,1959,268538
4709,2854,13439486,273,1064,3466,718,3488255
8290,5270,43688300,3911,1288,1851,3377,7411626
9439,8689,82015471,7350,3460,4137,7475,14318288
2117,5653,11967401,1484,4916,259,4019,2592605
8455,1423,12031465,8272,636,6237,861,2093551
5339,6162,32898918,4874,2658,1004,5766,1015338
2016,8769,17678304,1248,7494,529,3135,546654
9655,2501,24147155,8427,2063,7073,139,5191415
3103,2512,7794736,1945,276,689,587,1683337
9811,8019,78674409,9121,7841,4863,2709,17141203
1196,8930,10680280,399,407,405,5546,1853450
6662,3752,24995824,6125,2477,3128,1273,5272420
9404,9296,87419584,2326,9073,2568,1224,21919883
2829,4199,11878971,304,3084,2372,3336,2270272
2665,7322,19513130,977,173,2267,4406,3557788
3061,9271,28378531,1044,802,2951,2107,5546514
4066,3780,15369480,3850,148,1592,3455,2776446
7797,1340,10447980,911,553,5437,26,2745933
2690,6216,16721040,656,1894,382,5329,2926604
3214,7851,25233114,1908,2218,89,3030,4420795
2930,5753,16856290,1390,2595,1270,3442,3395156
3186,2672,8512992,1883,41,2933,1400,1516509
1325,6221,8242825,1135,2469,626,3834,1441700
1442,9310,13425020,400,502,1167,5009,440094
1269,7075,8978175,643,1829,385,527,2039647
1324,5309,7029116,704,412,396,4045,1334273
6170,6038,37254460,1552,656,2346,4903,7302859
2982,9651,28779282,2787,5019,1278,4340,891650
2147,1457,3128179,1054,402,1189,453,597124
6021,6503,39154563,1639,367,4312,2224,6862965
1826,6263,11436238,1362,2568,1757,1016,2942908
4732,1326,6274632,1144,437,4656,78,1603595
8012,9592,76851104,10,1547,6170,84,19699949
6132,3463,21235116,445,83,538,1901,3680571
8058,6328,50991024,145,5,7119,6025,1584424
4023,9259,37248957,3319,3355,3642,5624,6443170
7485,2995,22417575,2522,1402,1407,2055,3898088
8905,3196,28460380,1333,3143,2179,66,7309496
6319,8443,53351317,4460,5492,253,4833,11377285
4601,5370,24707370,2982,1600,3862,2307,4870193
3413,6420,21911460,3122,3966,1943,1541,680710
4902,1938,9500076,3298,1861,4275,321,2379731
2456,1228,3015968,755,97,1507,1064,527171
7122,4679,33323838,6621,4389,558,1711,7200779
6690,6947,46475430,5672,5030,5020,513,9617660
4007,2751,11023257,1487,323,3794,1776,1941116
9243,6409,59238387,1099,6109,2543,2833,12782228
2918,4591,13396538,2699,3354,1094,4230,2238562
4830,2197,10611510,4793,1869,406,1852,328535
6955,1465,10189075,1393,489,2183,1453,1763641
2179,6956,15157124,982,4400,738,213,3608845
6150,7397,45491550,3976,6950,1611,5678,13085861
5126,7008,35923008,611,546,3275,3211,5979509
1593,8585,13675905,212,3774,798,5932,2640948
6127,3306,20255862,773,1408,2412,2874,3798653
4647,2353,10934391,2595,477,2014,322,3206615
2218,9469,21002242,1620,6518,1658,3672,660506
6305,5924,37350820,520,1460,5442,4019,7521299
3137,5725,17959325,1447,2263,2743,835,3873832
7566,2215,16758690,6978,306,7039,999,519894
5352,4757,25459464,107,1589,3376,2096,791096
1856,1831,3398336,666,1585,1828,1058,850104
7046,2183,15381418,6052,781,5119,755,3874356
2449,6532,15996868,2061,687,528,933,2881475
1481,2063,3055303,1310,1006,404,136,907616
8001,7751,62015751,1640,4214,3840,3478,16063201
9075,4987,45257025,3940,3830,4761,3107,9592045
4205,8468,35607940,1757,7877,3814,7127,8963331
7760,1992,15457920,2049,1825,6810,1186,478489
5633,1291,7272203,855,1271,5548,434,1930024
3190,4799,15308810,2630,1782,841,2466,2682930
5334,8428,44954952,244,2703,4685,7385,9596584
1983,2050,4065150,256,551,419,719,1159488
9270,9080,84171600,6813,2857,5777,8449,3281625
4866,8394,40845204,3749,3201,1856,4095,8894303
9540,6793,64805220,7721,2519,2201,2632,14044146
9952,6112,60826624,1111,5361,9663,2532,19692965
2244,7315,16414860,454,889,13,5759,3964412
7790,9514,74114060,6797,417,680,3265,16406179
5675,2875,16315625,2541,2125,2355,1605,4261686
4454,4771,21250034,310,1881,3953,3951,5068109
4335,9257,40129095,1181,4097,1072,2578,14855901
1975,1917,3786075,620,1516,233,861,987820
4586,3953,18128458,1703,2556,3889,1163,5623077
6789,7308,49614012,525,3001,6053,238,16234569
6849,7428,50874372,2423,2031,5966,2894,1965240
2230,4157,9270110,1505,1961,2143,3680,1995561
7592,2541,19291272,6738,1468,1777,278,6870540
5216,6424,33507584,216,3570,764,5963,8011101
1177,3872,4557344,426,1192,189,978,1768757
9482,2091,19826862,7424,1882,2163,1976,4183988
2922,5148,15042456,193,4973,830,3897,3928483
3908,3189,12462612,403,2213,2212,2163,3221712
2564,4215,10807260,2391,1393,840,1817,2327615
5979,7585,45350715,1583,1441,5011,5409,9818314
5969,9810,58555890,4673,456,686,5052,16847101
7317,7486,54775062,1031,2427,4667,1309,2168244
1072,7149,7663728,778,4519,800,3988,2458133
4018,4397,17667146,795,4103,3065,3933,752669
2440,9184,22408960,453,2544,487,8995,7089062
8988,7317,65765196,2714,655,7613,4193,19214346
1583,7190,11381770,1148,7066,406,3707,4178066
4696,6201,29119896,3888,5092,2970,2073,9001081
3080,4022,12387760,2976,904,684,825,3719600
4303,5177,22276631,4196,6,3644,5010,5073909
4782,2258,10797756,1964,1344,127,133,430708
9773,1168,11414864,7965,611,1004,621,2582939
2189,6557,14353273,281,475,1464,2700,3272193
6682,4878,32594796,6423,277,3583,4212,6441038
2357,7669,18075833,2324,4916,1182,2986,5600953
7305,4507,32923635,1159,2087,6189,2705,5986521
5459,4304,23495536,3895,1341,3835,3265,764168
4051,6207,25144557,1650,2040,2515,3577,5140876
2828,2760,7805280,444,364,2259,914,1596188
2445,4711,11518395,515,983,1635,1683,2187338
6426,7026,45149076,268,6946,4291,1083,1479639
3131,2106,6593886,253,1602,2119,1503,1789560
5323,3700,19695100,3343,1515,581,114,6767324
4290,6642,28494180,2215,255,3363,4900,5337364
7179,3060,21967740,3689,17,2518,1300,725590
8497,3638,30912086,6914,2956,5969,150,10334943
5789,8431,48807059,3460,3608,5454,1130,13286850
5591,9227,51588157,3241,1105,1574,8266,9623674
4254,9602,40846908,838,9412,11,7041,1351124
3279,8508,27897732,625,7303,1698,8156,920368
9154,1010,9245540,4424,294,2242,14,303973
5450,4353,23723850,4680,818,4804,3471,4839410
3959,8978,35543902,1429,2821,2227,7013,1170467
8684,9644,83748496,1621,135,4444,6294,2775078
5828,5837,34018036,3547,5595,2113,2064,10390626
4918,7700,37868600,1534,3359,2573,1279,10491234
2799,2129,5959071,812,1526,2573,493,1493028
7803,1820,14201460,3021,146,2260,278,3459716
3533,7095,25066635,568,3976,1092,3790,7368946
8813,3048,26862024,1774,454,6218,719,5997256
2303,6909,15911427,675,2551,653,4505,3047018
7538,7593,57236034,3605,2638,3088,4574,10643796
4487,3245,14560315,2451,3001,4071,1335,3660326
8169,9115,74460435,5,7651,5004,4874,22960505
7438,6612,49180056,4679,331,1313,3618,10064793
3190,9070,28933300,1615,541,2126,7263,5285657
2272,5423,12321056,1341,2887,1053,1268,3779578
4504,9582,43157328,3934,2182,1312,9420,1419484
1999,5089,10172911,880,2778,1304,4500,2358163
7315,2227,16290505,985,1371,3909,1861,3253380
6938,8134,56433692,2823,1975,6458,1028,2039655
1869,2474,4623906,762,482,494,635,868703
1222,8639,10556858,459,2895,227,1284,3315016
7145,4213,30101885,4029,3033,4876,3176,6362907
6734,9752,65669968,1193,2863,4300,5600,2387816
1467,7850,11515950,997,7765,626,4683,3165213
7991,8403,67148373,7429,1779,7065,1977,14282758
3046,2978,9070988,915,2713,917,1719,343094
5633,6868,38687444,2103,4813,330,1792,1524684
1755,9319,16354845,821,1015,59,3475,3595950
3771,4207,15864597,2590,4014,2353,265,4293623
8258,8837,72975946,7484,928,1221,4498,15652339
8382,3058,25632156,2070,1844,6701,639,833794
8431,2246,18936026,7944,1222,4556,1540,693394
1558,1153,1796374,887,879,904,943,371324
3891,9567,37225197,2254,2784,3772,500,11253614
3019,1619,4887761,931,219,216,654,968852
8298,2606,21624588,2472,2416,4822,1970,756680
3661,6541,23946601,858,5908,781,3173,6343392
4070,2728,11102960,37,2035,3256,1625,3182624
3145,5565,17501925,249,2651,1310,1248,5522031
5870,8624,50622880,2489,3476,4407,3129,15429395
7127,6731,47971837,439,4829,6848,5014,9817349
6478,5510,35693780,1512,5226,4767,4736,10657273
1685,9358,15768230,1180,3787,569,5391,3891692
5041,5593,28194313,2829,777,4857,3699,6139809
1394,3224,4494256,884,2092,925,1697,142892
7218,8225,59368050,6127,5292,2831,8221,11976618
5939,9551,56723389,683,6133,653,2997,13095351
6023,3294,19839762,3757,2823,1460,1235,4887845
9759,4153,40529127,2137,1123,9709,3145,7339146
2905,4789,13912045,538,1508,2373,4113,2841111
7394,6877,50848538,4544,5804,2148,3147,10941469
2979,6692,19935468,147,3335,1798,5992,670680
3074,6315,19412310,217,2308,658,1690,4984407
6972,6305,43958460,4542,569,5502,1020,9140471
8210,9415,77297150,7875,8583,1712,8995,14002075
7053,9094,64139982,4319,4990,5780,7284,12209343
2812,4011,11278932,1455,2458,1953,3927,1916263
6059,7320,44351880,407,656,5585,4015,9002293
9321,7620,71026020,9013,4006,314,6246,16412101
9746,8449,82343954,7863,5871,8125,8360,15464844
9156,8937,81827172,184,730,5828,5696,3134325
5381,3349,18020969,4229,915,1627,595,4163762
6091,8391,51109581,110,4114,3654,7844,12410630
5268,5847,30801996,3539,5324,1691,5365,6492681
6464,1310,8467840,4160,988,3628,881,2139622
6757,9087,61400859,4012,3044,707,2365,15125095
5325,6388,34016100,1687,3051,4899,2878,9895799
3546,7069,25066674,2591,2424,637,4635,5043329
5004,1597,7991388,4333,887,3707,118,2548155
2589,4700,12168300,1646,1188,1811,4360,2724670
8194,6218,50950292,6741,427,58,1997,10025879
2446,2096,5126816,995,1075,695,540,1507663
1617,7806,12622302,161,1123,249,6858,2313295
5429,3114,16905906,3710,166,4563,922,3359092
1728,7381,12754368,390,7290,174,2204,400792
8143,1876,15276268,3522,1292,4518,328,475926
5727,3402,19483254,4349,2391,3808,591,4656186
4427,1236,5471772,2797,1161,3895,16,1451423
7276,8073,58739148,2186,568,5291,2303,1831570
6940,8451,58649940,4086,4716,4018,7749,10534790
6405,6064,38839920,2641,5259,616,4031,9431972
7241,1399,10130159,6959,141,2584,626,1836973
6004,8414,50517656,4727,6933,2865,7909,1581906
6455,9730,62807150,5626,1650,5145,6906,13362922
2389,7837,18722593,456,2954,710,4364,4160072
1616,7008,11324928,1371,541,1533,6566,2290458
3586,3215,11528990,3201,908,1301,743,3581473
4583,5888,26984704,1698,3356,3850,1587,8655861
3022,7194,21740268,1477,6552,873,4623,6735338
5382,2462,13250484,309,595,1993,1712,2884448
6640,7768,51579520,86,2942,4116,6611,12497487
3675,8829,32446575,1178,4206,3436,3426,10285668
7518,7215,54242370,1285,4265,2473,162,17054388
2981,2246,6695326,2414,2184,905,1287,255954
1255,5145,6456975,263,5017,415,2785,1547098
3054,5189,15847206,680,5166,2842,2369,4539474
2856,6510,18592560,483,2097,2523,3575,693144
2946,8483,24990918,278,6349,601,1105,7520732
8138,9515,77433070,1794,3432,5856,3389,21534569
5883,2764,16260612,305,2165,5354,545,5228888
9074,7524,68272776,3977,5691,4554,392,2409276
7548,6201,46805148,1715,3504,3653,2543,13508466
2555,2958,7557690,2170,1204,1410,2513,1678005
5497,7121,39144137,3112,640,222,6310,8297084
9918,9506,94280508,9385,7611,5757,64,32402075
2941,8010,23557410,383,4379,519,5760,4726533
5726,3100,17750600,5154,166,1659,2235,589143
6387,4742,30287154,4836,3436,2295,2040,10696354
8865,6829,60539085,3723,4625,6844,4884,11389697
4122,7749,31941378,1239,5927,2767,484,8566620
7294,1022,7454468,961,863,6117,421,238196
1681,8193,13772433,1003,6581,1147,997,3253815
9826,9155,89957030,338,6896,5040,3091,21536545
2884,1056,3045504,238,373,2809,387,583657
8142,9445,76901190,3453,3364,5653,1015,19591918
5972,7889,47113108,689,4508,5853,3559,12092469
5959,5886,35074674,635,5771,1574,469,9341029
7885,9664,76200640,500,5178,3617,6380,16361567
2817,1264,3560688,1294,41,898,934,796806
3275,2637,8636175,2197,2485,2901,2257,1906336
7849,1226,9622874,6920,773,7073,1175,2284288
7720,6226,48064720,3863,3416,4071,2523,12606232
9213,1792,16509696,4166,383,4351,353,4220060
7680,9146,70241280,6146,7186,3226,8975,12141202
1127,7404,8344308,717,6999,307,6322,2719321
5735,3628,20806580,1048,1022,4086,939,5478689
5626,6104,34341104,3978,2396,2102,2967,6185636
5035,4252,21408820,3495,3193,3070,1440,685251
8342,4284,35737128,4910,2481,7760,1838,9502354
5053,3829,19347937,2210,1492,2913,483,4483892
3786,6198,23465628,1203,3147,3404,1158,760360
1140,6254,7129560,390,4202,751,886,1926520
4178,9405,39294090,2873,1033,336,215,8571933
3742,8423,31518866,533,7014,2487,7675,5239161
3057,6102,18653814,531,2020,2157,607,5007842
6088,4357,26525416,4281,51,4953,2524,4790099
2186,9531,20834766,90,9439,193,1455,5460151
4562,2591,11820142,322,1652,617,1348,3175134
8790,8305,73000950,4316,4427,4434,7716,14714116
4597,9373,43087681,3738,130,4048,5314,8490770
1285,2673,3434805,976,2012,487,2375,636405
6812,2508,17084496,4960,2220,1401,935,555381
3493,6953,24286829,2973,4993,621,3047,5279994
6084,7293,44370612,2618,1812,3620,3091,9300847
4002,4909,19645818,1335,2751,1046,3555,3718207
5802,4256,24693312,1673,2723,2795,35,828900
2630,8832,23228160,968,6578,2305,1572,6660185
7971,6145,48981795,1229,175,7133,4189,9415843
2527,6506,16440662,1608,6172,887,5492,5600626
8276,5879,48654604,1297,1341,6441,2915,1577929
7727,8474,65478598,7553,2565,4992,8345,12338449
7432,1977,14693064,1954,1446,1077,364,4349018
6515,5570,36288550,2610,137,1914,168,7686203
9398,6417,60306966,3330,2847,9049,2905,12920271
5681,5140,29200340,5460,1362,3213,2606,5795188
1417,3105,4399785,1334,656,1241,2385,798749
6009,7484,44971356,370,4138,3728,158,1463570
1288,3481,4483528,1031,2335,246,595,995341
4636,9788,45377168,4231,7427,3355,2172,14347641
9646,2057,19841822,7091,363,1972,1821,3931070
5667,8567,48549189,4045,7363,4931,7071,10504780
7009,9983,69970847,6799,6889,6240,5470,21217703
4604,3122,14373688,1176,2118,428,1849,3070244
6478,9037,58541686,423,1645,4194,1077,13075498
1941,2238,4343958,299,547,988,1465,801624
6927,3227,22353429,6382,2416,2462,2570,4140747
5202,6428,33438456,2397,5663,106,223,7486689
1815,8892,16138980,1739,4512,1620,3332,5245247
9746,6643,64742678,3188,884,6408,3921,12833549
1315,5741,7549415,1266,2628,648,5318,1317532
7524,8941,67272084,1719,5610,63,811,17742850
6640,9182,60968480,1588,8793,6351,2535,15755071
2531,8198,20749138,1423,6979,2384,6874,671393
6253,2206,13794118,3942,1036,438,456,441547
8746,4891,42776686,6505,2724,2027,945,11750523
4923,2789,13730247,3008,620,495,1807,2496315
8886,5376,47771136,8305,3118,1718,2740,14975168
6764,4279,28943156,1779,429,5128,3253,5468379
6879,6752,46447008,1038,1230,4161,1219,1476778
4244,9877,41917988,2013,2996,871,6503,7439778
7908,2856,22585248,2064,2216,1588,2443,3955268
6449,8465,54590785,357,7687,3236,3590,14463670
5773,5411,31237703,3463,3347,1336,5102,5796268
9338,3529,32953802,3319,2989,8866,1519,7745965
8704,8639,75193856,7746,3042,2300,4467,13645087
9397,7968,74875296,2562,5948,4799,2425,2429456
7669,1458,11181402,6144,678,2524,1377,2032016
7234,2327,16833518,1564,730,6936,2169,3367824
6605,8019,52965495,4098,5942,3569,7841,9481030
7462,7660,57158920,6604,2760,353,499,1783263
8195,8476,69460820,5211,4245,2905,4634,12642036
2207,2663,5877241,525,365,274,2068,1064143
4078,4151,16927778,3656,2082,2238,3523,3021013
2125,9602,20404250,1031,957,1178,4518,671434
9980,7236,72215280,3020,5158,5777,3471,2468544
7921,7470,59169870,6392,336,6476,7063,12334342
6925,5940,41134500,3916,502,5445,740,8725937
2112,7338,15497856,1593,1859,884,5853,2987163
1539,6416,9874224,1338,1246,566,4931,2026748
6290,7927,49860830,2671,2241,1480,3735,9388178
1750,3973,6952750,996,1136,1615,1681,225595
6236,3993,24900348,1912,1295,1316,3074,5073209
9664,9023,87198272,5016,952,3229,2806,16135378
1308,3899,5099892,71,749,120,2340,178819
4983,8654,43122882,2216,5962,4966,767,11820409
4828,1238,5977064,3994,398,4032,424,189519
6326,9323,58977298,454,8191,93,5591,15354379
1402,3979,5578558,268,1992,317,3710,1129827
8762,9128,79979536,1541,1023,7320,5827,14586283
4840,6898,33386320,471,2659,2394,4639,5979579
3474,1495,5193630,2806,294,223,113,163975
2230,6884,15351320,852,2982,2109,5762,3090461
5657,5872,33217904,5533,1008,3260,2172,7689530
7402,5246,38830892,2195,385,6023,1112,7337689
8023,8766,70329618,2991,2919,1176,5697,13287179
5157,9224,47568168,3451,4603,971,458,16338853
2692,3449,9284708,1818,134,2136,3265,1874208
2627,6270,16471290,1735,1983,1522,1845,4125354
5360,8550,45828000,3420,6727,4933,1381,12092296
1787,3104,5546848,1211,1795,605,1859,181421
8593,9136,78505648,3694,7376,2160,6685,18701419
5671,6914,39209294,1187,4007,1773,1602,10273886
1545,7220,11154900,451,1171,518,80,401484
2821,2192,6183632,1752,1896,1841,1484,1610076
4001,3271,13087271,3759,113,1617,129,2437418
9741,6396,62303436,3127,3913,9079,4733,1998116
6600,5272,34795200,4564,428,2381,2445,1121623
4893,3542,17331006,2605,463,628,515,3217018
4895,5657,27691015,1548,718,3821,4659,5794960
7225,1959,14153775,3213,1183,6787,1887,2670463
7528,5224,39326272,7213,4723,669,3814,11794155
9007,9710,87457970,2830,7920,3045,4447,2811776
4129,5072,20942288,1581,834,725,3525,4794042
7819,1964,15356516,7743,257,1688,979,2959509
9561,3532,33769452,3490,2258,5494,615,9079748
3484,5975,20816900,2068,3094,217,1208,6295545
2958,1668,4933944,2388,471,2026,860,1023939
9927,6745,66957615,4666,2460,4978,2818,13401470
6167,7150,44094050,3058,5926,63,2148,14727485
9865,4659,45961035,3226,1426,8110,2016,9481277
8923,7940,70848620,5539,3803,4198,801,19489159
6023,7819,47093837,4803,4547,4796,4406,16069861
3185,3718,11841830,1088,938,438,1826,419821
5740,7367,42286580,4568,1840,2083,6891,1483838
7303,9446,68984138,3369,398,286,8548,18195627
6039,4197,25345683,109,2155,268,946,7744335
9537,3814,36374118,101,1605,7985,2561,1324765
3296,4218,13902528,537,1896,1280,1334,4095880
7844,8590,67379960,1158,3859,4776,338,20138269
4825,6113,29495225,4523,289,1384,120,10225720
8678,2776,24090128,1503,1369,8587,1158,7280781
6081,2447,14880207,5476,456,1950,340,5039044
1478,4353,6433734,1307,413,1237,4235,231725
6303,4982,31401546,3779,1503,924,1236,1118437
1347,6270,8445690,553,3214,722,4650,1798772
9193,7148,65711564,8100,6923,968,394,24349621
7501,2679,20095179,3508,1242,6557,1171,4435349
4966,6394,31752604,4179,3,4416,2585,5752166
3750,9489,35583750,2333,6429,3703,9221,1154903
7726,5723,44215898,3130,1292,7305,3889,1437498
2124,1225,2601900,2111,919,142,953,486844
2425,7706,18687050,2054,1268,16,6091,3550345
5939,1565,9294535,2248,1266,1308,1378,1718637
9058,4924,44601592,8457,2093,4804,925,10013770
3373,9835,33173455,2627,9473,1699,8447,7265860
5494,8043,44188242,4846,243,860,3212,9891434
9684,8464,81965376,5409,381,205,2270,16344228
4451,7057,31410707,3974,2272,3006,4310,6426954
6460,2398,15491080,5243,1894,1701,643,4476644
3361,5292,17786412,750,2892,3121,1847,642148
7172,8689,62317508,2211,3613,5518,595,14651290
7375,5015,36985625,461,1391,182,4844,6980470
6146,4927,30281342,4890,2680,1649,2076,9221848
4876,2927,14272052,3620,814,1866,1867,2612928
6793,8863,60206359,6423,347,1650,6984,11330484
7409,1315,9742835,4389,873,2245,1291,1754639
9718,5390,52380020,6034,4935,6819,451,13690971
7112,8998,63993776,637,7085,3935,5894,16850203
9486,8327,78989922,6003,7806,7152,798,20265844
4620,4401,20332620,2475,857,2462,3660,630931
1805,2303,4156915,1,883,577,149,910979
7598,9741,74012118,1247,8919,6669,9734,12785105
8228,9737,80116036,6285,4767,1218,4114,2512995
4657,7677,35751789,4127,3119,1373,5317,6385936
4260,1567,6675420,2992,876,900,1043,1198614
7586,6691,50757926,4432,552,2871,2151,1593077
3700,1325,4902500,3054,1284,2234,877,1024651
9459,8080,76428720,4759,6731,4803,7090,13983558
5221,7299,38108079,3916,5160,3047,2369,8300756
7694,9942,76493748,6492,9432,6728,8638,2402138
7880,5585,44009800,4835,2670,5474,2978,7282114
2942,6773,19926166,1421,4539,1827,5582,3588107
